<assembly xmlns="http://maven.apache.org/ASSEMBLY/2.0.0"
    xmlns:xsi="http://www.w3.org/2001/XMLSchema-instance"
    xsi:schemaLocation="http://maven.apache.org/ASSEMBLY/2.0.0 http://maven.apache.org/xsd/assembly-2.0.0.xsd">
  <id>sources</id>
  <formats>
    <format>zip</format>
  </formats>
  <fileSets>
    <fileSet>
      <directory>${basedir}</directory>
      <excludes>
        <exclude>**/.*</exclude>
        <exclude>**/.*/**</exclude>
        <exclude>**/target/**</exclude>
      </excludes>
      <lineEnding>unix</lineEnding>
      <fileMode>0755</fileMode>
    </fileSet>
  </fileSets>
</assembly>