<?xml version="1.0" encoding="UTF-8"?>
<!DOCTYPE module PUBLIC "-//Puppy Crawl//DTD Check Configuration 1.3//EN" "http://www.puppycrawl.com/dtds/configuration_1_3.dtd">

<!--
    This configuration file was written by the eclipse-cs plugin configuration editor
-->
<!--
    Checkstyle-Configuration: Modified Sun Checks
    Description: none
-->
<module name="Checker">
  <property name="severity" value="warning"/>
  <property name="fileExtensions" value="java, properties, xml"/>
  <module name="TreeWalker">
    <module name="JavadocMethod"/>
    <module name="JavadocType"/>
    <module name="JavadocVariable"/>
    <module name="JavadocStyle">
      <property name="endOfSentenceFormat" value="([.。?!][ \t\n\r\f&lt;])|([.。?!]$)"/>
    </module>
    <module name="ConstantName"/>
    <module name="LocalFinalVariableName"/>
    <module name="LocalVariableName"/>
    <module name="MemberName"/>
    <module name="MethodName"/>
    <module name="PackageName"/>
    <module name="ParameterName"/>
    <module name="StaticVariableName"/>
    <module name="TypeName"/>
    <module name="AvoidStarImport"/>
    <module name="IllegalImport"/>
    <module name="RedundantImport"/>
    <module name="UnusedImports">
      <property name="processJavadoc" value="false"/>
    </module>
    <module name="LineLength">
      <property name="max" value="120"/>
    </module>
    <module name="MethodLength"/>
    <module name="ParameterNumber"/>
    <module name="EmptyForIteratorPad"/>
    <module name="GenericWhitespace"/>
    <module name="MethodParamPad"/>
    <module name="NoWhitespaceAfter"/>
    <module name="NoWhitespaceBefore"/>
    <module name="OperatorWrap"/>
    <module name="ParenPad"/>
    <module name="TypecastParenPad"/>
    <module name="WhitespaceAfter"/>
    <module name="WhitespaceAround"/>
    <module name="ModifierOrder"/>
    <module name="RedundantModifier"/>
    <module name="AvoidNestedBlocks"/>
    <module name="EmptyBlock"/>
    <module name="LeftCurly"/>
    <module name="NeedBraces"/>
    <module name="RightCurly"/>
    <module name="AvoidInlineConditionals"/>
    <module name="EmptyStatement"/>
    <module name="EqualsHashCode"/>
    <module name="HiddenField"/>
    <module name="IllegalInstantiation"/>
    <module name="InnerAssignment"/>
    <module name="MagicNumber"/>
    <module name="MissingSwitchDefault"/>
    <module name="SimplifyBooleanExpression"/>
    <module name="SimplifyBooleanReturn"/>
    <module name="DesignForExtension"/>
    <module name="FinalClass">
      <property name="severity" value="ignore"/>
      <metadata name="net.sf.eclipsecs.core.lastEnabledSeverity" value="inherit"/>
    </module>
    <module name="HideUtilityClassConstructor"/>
    <module name="InterfaceIsType"/>
    <module name="VisibilityModifier"/>
    <module name="ArrayTypeStyle"/>
    <module name="FinalParameters">
      <property name="severity" value="ignore"/>
      <metadata name="net.sf.eclipsecs.core.lastEnabledSeverity" value="inherit"/>
    </module>
    <module name="TodoComment"/>
    <module name="UpperEll"/>
  </module>
  <module name="JavadocPackage">
    <property name="allowLegacy" value="true"/>
  </module>
  <module name="NewlineAtEndOfFile"/>
  <module name="Translation"/>
  <module name="FileLength"/>
  <module name="FileTabCharacter"/>
  <module name="RegexpSingleline">
    <property name="format" value="\s+$"/>
    <property name="message" value="Line has trailing spaces."/>
  </module>
</module>
